{"gamma":0.9,"policy":"uniform","V":[-0.420479,-0.513919,-0.238575,-0.513919,0.0,-0.069264,-0.238575,-0.069264,0.0],"grid":[[-0.420479,-0.513919,-0.238575],[-0.513919,0.0,-0.069264],[-0.238575,-0.069264,0.0]]}