{
  "gamma": 0.9,
  "table": [
    {
      "N": 100,
      "nonZeroMean": 0.28,
      "ordinaryMean": 0.522547,
      "ordinarySD": 1.12223,
      "weightedMean": 0.16038,
      "weightedSD": 0.301986,
      "boxplotOrdinary": [
        0.0,
        3.73248,
        0.0,
        0.0,
        0.0,
        0.0,
        0.0,
        0.0,
        0.0,
        0.0,
        0.0,
        0.0,
        0.0,
        0.0,
        1.86624,
        1.86624,
        0.0,
        0.0,
        0.0,
        1.86624,
        0.0,
        0.0,
        0.0,
        1.86624,
        5.59872,
        0.0,
        0.0,
        0.0,
        1.86624,
        0.0,
        0.0,
        0.0,
        0.0,
        0.0,
        0.0,
        0.0,
        1.86624,
        0.0,
        0.0,
        0.0,
        1.86624,
        0.0,
        0.0,
        0.0,
        0.0,
        1.86624,
        0.0,
        0.0,
        1.86624,
        0.0
      ],
      "boxplotWeighted": [
        0.0,
        0.729,
        0.0,
        0.0,
        0.0,
        0.0,
        0.0,
        0.0,
        0.0,
        0.0,
        0.0,
        0.0,
        0.0,
        0.0,
        0.729,
        0.729,
        0.0,
        0.0,
        0.0,
        0.729,
        0.0,
        0.0,
        0.0,
        0.729,
        0.729,
        0.0,
        0.0,
        0.0,
        0.729,
        0.0,
        0.0,
        0.0,
        0.0,
        0.0,
        0.0,
        0.0,
        0.729,
        0.0,
        0.0,
        0.0,
        0.729,
        0.0,
        0.0,
        0.0,
        0.0,
        0.729,
        0.0,
        0.0,
        0.729,
        0.0
      ],
      "trueVal": 0.729
    },
    {
      "N": 1000,
      "nonZeroMean": 3.68,
      "ordinaryMean": 0.686776,
      "ordinarySD": 0.362723,
      "weightedMean": 0.69984,
      "weightedSD": 0.142854,
      "boxplotOrdinary": [
        0.559872,
        0.559872,
        0.746496,
        0.373248,
        1.306368,
        1.306368,
        0.93312,
        0.373248,
        0.93312,
        1.306368,
        0.746496,
        0.559872,
        0.186624,
        1.119744,
        0.746496,
        0.559872,
        1.119744,
        0.746496,
        0.373248,
        0.373248,
        0.559872,
        0.559872,
        0.373248,
        0.559872,
        0.559872,
        0.0,
        0.559872,
        0.93312,
        0.186624,
        0.93312,
        0.186624,
        0.373248,
        0.746496,
        1.119744,
        0.93312,
        0.186624,
        0.559872,
        0.373248,
        0.373248,
        0.746496,
        1.492992,
        0.373248,
        1.119744,
        1.119744,
        0.0,
        0.93312,
        0.746496,
        1.306368,
        0.93312,
        0.559872
      ],
      "boxplotWeighted": [
        0.729,
        0.729,
        0.729,
        0.729,
        0.729,
        0.729,
        0.729,
        0.729,
        0.729,
        0.729,
        0.729,
        0.729,
        0.729,
        0.729,
        0.729,
        0.729,
        0.729,
        0.729,
        0.729,
        0.729,
        0.729,
        0.729,
        0.729,
        0.729,
        0.729,
        0.0,
        0.729,
        0.729,
        0.729,
        0.729,
        0.729,
        0.729,
        0.729,
        0.729,
        0.729,
        0.729,
        0.729,
        0.729,
        0.729,
        0.729,
        0.729,
        0.729,
        0.729,
        0.729,
        0.0,
        0.729,
        0.729,
        0.729,
        0.729,
        0.729
      ],
      "trueVal": 0.729
    },
    {
      "N": 10000,
      "nonZeroMean": 40.5,
      "ordinaryMean": 0.755827,
      "ordinarySD": 0.100379,
      "weightedMean": 0.729,
      "weightedSD": 0.0,
      "boxplotOrdinary": [
        0.765158,
        0.802483,
        0.802483,
        0.821146,
        0.690509,
        0.746496,
        0.690509,
        0.671846,
        0.914458,
        0.765158,
        0.765158,
        0.634522,
        0.895795,
        0.802483,
        0.839808,
        0.615859,
        0.671846,
        0.765158,
        0.709171,
        0.690509,
        0.877133,
        0.671846,
        0.653184,
        0.559872,
        1.00777,
        0.653184,
        0.671846,
        0.765158,
        0.634522,
        0.93312,
        0.85847,
        0.746496,
        0.709171,
        0.690509,
        0.597197,
        0.783821,
        0.821146,
        0.653184,
        0.746496,
        0.93312,
        0.653184,
        0.877133,
        0.615859,
        0.783821,
        0.914458,
        0.802483,
        0.85847,
        0.690509,
        0.802483,
        0.765158
      ],
      "boxplotWeighted": [
        0.729,
        0.729,
        0.729,
        0.729,
        0.729,
        0.729,
        0.729,
        0.729,
        0.729,
        0.729,
        0.729,
        0.729,
        0.729,
        0.729,
        0.729,
        0.729,
        0.729,
        0.729,
        0.729,
        0.729,
        0.729,
        0.729,
        0.729,
        0.729,
        0.729,
        0.729,
        0.729,
        0.729,
        0.729,
        0.729,
        0.729,
        0.729,
        0.729,
        0.729,
        0.729,
        0.729,
        0.729,
        0.729,
        0.729,
        0.729,
        0.729,
        0.729,
        0.729,
        0.729,
        0.729,
        0.729,
        0.729,
        0.729,
        0.729,
        0.729
      ],
      "trueVal": 0.729
    }
  ]
}