{
  "config": {
    "lr": 1.5,
    "batch": 10,
    "epochs": 4,
    "gae_lambda": 0.95,
    "n_iters": 200,
    "n_seeds": 5
  },
  "results": {
    "0.05": {
      "eps": 0.05,
      "mean": 0.7254015537950117,
      "std": 0.0007557233227172662,
      "late_clip_frac": 0.0,
      "per_seed": [
        0.7261730963144888,
        0.726244556757265,
        0.724684882404312,
        0.7243900556306632,
        0.7255151778683295
      ]
    },
    "0.1": {
      "eps": 0.1,
      "mean": 0.7259630128846357,
      "std": 0.0003321299618986492,
      "late_clip_frac": 0.0,
      "per_seed": [
        0.7259384253834258,
        0.7263260493015413,
        0.7253963790469588,
        0.7262668992963048,
        0.7258873113949481
      ]
    },
    "0.2": {
      "eps": 0.2,
      "mean": 0.7264370918895651,
      "std": 0.0001769194153540724,
      "late_clip_frac": 0.0,
      "per_seed": [
        0.7263538972918898,
        0.7264141910336458,
        0.7261691928329976,
        0.7266847140406734,
        0.7265634642486185
      ]
    },
    "0.4": {
      "eps": 0.4,
      "mean": 0.7278138000020913,
      "std": 0.00020072958881304874,
      "late_clip_frac": 0.005,
      "per_seed": [
        0.7276719534582108,
        0.7280422736595774,
        0.727545434869412,
        0.7280471593388841,
        0.7277621786843725
      ]
    }
  }
}