{
  "config": {
    "lr": 0.5,
    "batch": 5,
    "epochs": 4,
    "clip_eps": 0.2,
    "n_iters": 200,
    "n_seeds": 20
  },
  "results": {
    "0.0": {
      "lambda": 0.0,
      "per_seed_final": [
        0.7250630295315861,
        0.7224940469324053,
        0.7223109714761458,
        0.7258402349882928,
        0.723605239942318,
        0.7232178303662676,
        0.7247336495721776,
        0.7249796339422535,
        0.7235355347312097,
        0.7218333646585046,
        0.7236783985092715,
        0.7248250926190613,
        0.7231835369373772,
        0.7249351619431516,
        0.7231200595735433,
        0.7253598652507528,
        0.7255154458706875,
        0.7235247813189876,
        0.7234237558323524,
        0.722184090628492
      ],
      "mean": 0.7238681862312418,
      "std": 0.0011740137147414579
    },
    "0.5": {
      "lambda": 0.5,
      "per_seed_final": [
        0.7252083516539187,
        0.7250712868600273,
        0.7220112206713603,
        0.7254419150264598,
        0.7260570539357911,
        0.7232698398814913,
        0.7247708520656659,
        0.7242563462629406,
        0.7223071769747486,
        0.7236768690209471,
        0.7244737117101199,
        0.7230083089952484,
        0.7231832358882361,
        0.723979641152212,
        0.7234378157498601,
        0.7245304426567816,
        0.724604181234148,
        0.72307849058517,
        0.7253142908414593,
        0.7223768915127904
      ],
      "mean": 0.7240028961339688,
      "std": 0.0011199421126367657
    },
    "0.9": {
      "lambda": 0.9,
      "per_seed_final": [
        0.7240417601266018,
        0.722056887173389,
        0.7221964972730927,
        0.7244131297299033,
        0.7217012923467705,
        0.7218890520803366,
        0.7230467738929909,
        0.723302335200388,
        0.7209775809451263,
        0.721170650282297,
        0.7186037464632802,
        0.7189502492456609,
        0.7213865976842064,
        0.7222516428048862,
        0.7191030022072147,
        0.7238476395572242,
        0.7241355010316447,
        0.7215325741951447,
        0.7208131280269415,
        0.7204253653463215
      ],
      "mean": 0.7217922702806711,
      "std": 0.0016665198372309406
    },
    "0.95": {
      "lambda": 0.95,
      "per_seed_final": [
        0.723691773159703,
        0.7202389784708464,
        0.7215301003334175,
        0.7241386836114173,
        0.7229862403009838,
        0.7207378223558712,
        0.7241154362153529,
        0.7234049172477713,
        0.7193691358102904,
        0.7206715806809123,
        0.7208079284982409,
        0.7208458205096836,
        0.7198850867048263,
        0.720563150242011,
        0.7223166422963597,
        0.7226725471353977,
        0.7224466196712835,
        0.7222238344064924,
        0.7199349992719842,
        0.7196253685766227
      ],
      "mean": 0.7216103332749734,
      "std": 0.0015069480493852352
    },
    "1.0": {
      "lambda": 1.0,
      "per_seed_final": [
        0.7219709068768908,
        0.7205080686600378,
        0.720722471060803,
        0.7219287915698078,
        0.7232541773402339,
        0.7232102608651271,
        0.722784737101139,
        0.7188383442317954,
        0.7209181267306315,
        0.7228748256235519,
        0.7219058095013041,
        0.7196627348023387,
        0.7134982216698439,
        0.7188039784784829,
        0.7210236529070643,
        0.7222823246498228,
        0.7228118390385602,
        0.7192854202462662,
        0.7226974948698248,
        0.7191334929607917
      ],
      "mean": 0.7209057839592159,
      "std": 0.0022498204374755528
    }
  }
}