{
  "config": {
    "batch": 10,
    "epochs": 4,
    "clip_eps": 0.2,
    "gae_lambda": 0.95,
    "n_iters": 200,
    "n_seeds": 20
  },
  "ppo": {
    "0.1": {
      "lr": 0.1,
      "mean": 0.5717494839450639,
      "std": 0.03751738173077661,
      "per_seed": [
        0.5829404229243186,
        0.6301647589134421,
        0.5813393324853581,
        0.5397669778726272,
        0.5340634022457672,
        0.5320077267033924,
        0.5252700547801186,
        0.5591753580942946,
        0.552247059825649,
        0.5303700617618314,
        0.6237795237992942,
        0.5360154119279936,
        0.5625809270692818,
        0.5480085178793594,
        0.6384789043666538,
        0.6276630330754814,
        0.5883463495571872,
        0.5948627269605452,
        0.6130548716641322,
        0.5348542569945485
      ]
    },
    "0.3": {
      "lr": 0.3,
      "mean": 0.7232712296105028,
      "std": 0.0010712332280604464,
      "per_seed": [
        0.7239633110527396,
        0.7237447854403649,
        0.7220676708111612,
        0.7228990752558764,
        0.7248960532135159,
        0.7249074639201254,
        0.7235330777092718,
        0.7228419429711339,
        0.7233927549939294,
        0.7219039260202516,
        0.7236371327294233,
        0.7227575313804839,
        0.7242807728825416,
        0.724022172446013,
        0.7221846605511474,
        0.7211719214127158,
        0.7247828330213688,
        0.7216453935578367,
        0.723978307437252,
        0.7228138054029035
      ]
    },
    "0.5": {
      "lr": 0.5,
      "mean": 0.7251140099274821,
      "std": 0.0008206975627524319,
      "per_seed": [
        0.7250421934974096,
        0.7248429199789597,
        0.7235072956851076,
        0.7244075830953243,
        0.7248327282548247,
        0.7265556628424763,
        0.7249239405048388,
        0.725488839749351,
        0.72583491107296,
        0.7247568867602265,
        0.7250676230140393,
        0.7258499150864436,
        0.7259941666560964,
        0.7243197225853594,
        0.724981302923368,
        0.7262454524229149,
        0.7253738020204675,
        0.7232115510425702,
        0.72570041668208,
        0.7253432846748242
      ]
    },
    "1.0": {
      "lr": 1.0,
      "mean": 0.7261216023065099,
      "std": 0.0006788367665468288,
      "per_seed": [
        0.7269396858258148,
        0.7261397518041417,
        0.726162376296931,
        0.7263643000849165,
        0.7267100311303957,
        0.726469400667097,
        0.7271702443315456,
        0.7269260949580736,
        0.7246769489938744,
        0.7253963524102025,
        0.7249805279886354,
        0.7254541054001109,
        0.7260312156200914,
        0.7260135242993284,
        0.7266498783313815,
        0.7268445420679991,
        0.7265241829742128,
        0.7260854462299068,
        0.7253582166771161,
        0.7255352200384235
      ]
    },
    "2.0": {
      "lr": 2.0,
      "mean": 0.7267961808724448,
      "std": 0.000446063552388243,
      "per_seed": [
        0.7275268820171944,
        0.7269666468969426,
        0.7265740498838237,
        0.7265552994755522,
        0.727711768617897,
        0.7262687506380595,
        0.7272278757747175,
        0.727101635857925,
        0.7268942278584343,
        0.7257342010760091,
        0.7265310488354637,
        0.7272084199185034,
        0.7269730262153162,
        0.7263538851940888,
        0.7267003016524167,
        0.7271550083786198,
        0.7266817622333208,
        0.7264761520302989,
        0.7265821975141036,
        0.7267004773802089
      ]
    },
    "5.0": {
      "lr": 5.0,
      "mean": 0.7281625145732191,
      "std": 0.0003484599212830167,
      "per_seed": [
        0.7282907202324321,
        0.7286893622026096,
        0.7278324756012906,
        0.7283037837209149,
        0.7284940188386938,
        0.7279274757318438,
        0.7283123395480731,
        0.728649670441203,
        0.7282048748638453,
        0.7275619823190528,
        0.7280046855030531,
        0.7279346688468735,
        0.7282432110330489,
        0.7282218119394802,
        0.7272262620385554,
        0.7282653415207356,
        0.7284172017017069,
        0.727945422857887,
        0.7285241835144091,
        0.7282007990086721
      ]
    }
  },
  "vanilla": {
    "0.1": {
      "lr": 0.1,
      "mean": -0.11005762421347745,
      "std": 0.0023831639409559032,
      "per_seed": [
        -0.11043638800858692,
        -0.11053418364271489,
        -0.11246369732792286,
        -0.10520472609400354,
        -0.11096918486979301,
        -0.11255955071125254,
        -0.11055836059456654,
        -0.1110425068161612,
        -0.11302470615531042,
        -0.11036956519463717,
        -0.10886344090394177,
        -0.11099992782562552,
        -0.10734060958174918,
        -0.11206301304962317,
        -0.10758833167604555,
        -0.10705499252710071,
        -0.11463625336240119,
        -0.10967972338073462,
        -0.10597645950262496,
        -0.10978686304475335
      ]
    },
    "0.3": {
      "lr": 0.3,
      "mean": 0.37342334229107843,
      "std": 0.03659624937296304,
      "per_seed": [
        0.3946283803174519,
        0.4455030177367746,
        0.37735420510672524,
        0.3630217453764338,
        0.3587664261232809,
        0.3336676834130838,
        0.35093770128163165,
        0.3949533958683035,
        0.35675959259736817,
        0.3781826033470753,
        0.4578052564489163,
        0.3494915268520192,
        0.3382609422480429,
        0.3464975213715247,
        0.42414500326075505,
        0.39583199533061575,
        0.3356313478216506,
        0.31471962863955283,
        0.38906893554105726,
        0.3632399371393052
      ]
    },
    "0.5": {
      "lr": 0.5,
      "mean": 0.6435903053340367,
      "std": 0.02859655783514502,
      "per_seed": [
        0.6440197217780658,
        0.6869538403500183,
        0.6536477775236251,
        0.6121650972620037,
        0.6018264459564735,
        0.6264638200595497,
        0.5987413450080692,
        0.6184176066803998,
        0.6740909102904582,
        0.6323681192831295,
        0.6783075385520906,
        0.6490699221050154,
        0.6048581762827795,
        0.6554826348387974,
        0.6859090328727291,
        0.6713274954011079,
        0.6252447352529905,
        0.6178547830826587,
        0.6732307444796819,
        0.6618263596210912
      ]
    },
    "1.0": {
      "lr": 1.0,
      "mean": 0.7198095929578375,
      "std": 0.0021951812337321335,
      "per_seed": [
        0.7216045043571986,
        0.7194713941958045,
        0.7210137617968894,
        0.7219483507075541,
        0.7203688267853932,
        0.7192405880830126,
        0.7194013880961015,
        0.7206804376033458,
        0.7164807317764277,
        0.7124145250667154,
        0.719482735586648,
        0.7211137994064412,
        0.7213937986448643,
        0.720804223993354,
        0.7206066284955197,
        0.7193748255525563,
        0.7217925907712611,
        0.7183947255083548,
        0.7221909270229291,
        0.7184130957063799
      ]
    },
    "2.0": {
      "lr": 2.0,
      "mean": 0.726545346150862,
      "std": 0.0005558546405413138,
      "per_seed": [
        0.7263566557150413,
        0.7266327964947714,
        0.7253905596489671,
        0.7264618237269871,
        0.7270235303965038,
        0.7272977778202588,
        0.7265434170496093,
        0.7272732818072911,
        0.7258042377976612,
        0.7261989725878185,
        0.7261205044736898,
        0.726148751351613,
        0.7274213723159578,
        0.7262018219862102,
        0.7257711780738986,
        0.7267823768472378,
        0.7271659856960025,
        0.7263512776164446,
        0.7272271294620061,
        0.72673347214927
      ]
    },
    "5.0": {
      "lr": 5.0,
      "mean": 0.728155514820931,
      "std": 0.00039200529616180543,