{"P":[[0.5,0.5,0.0],[0.3,0.4,0.3],[0.0,0.6,0.4]],"K":3,"pi":[0.285714,0.47619,0.238095],"eigenvalues":[{"re":-0.154138,"im":0.0,"abs":0.154138},{"re":0.454138,"im":0.0,"abs":0.454138},{"re":1.0,"im":0.0,"abs":1.0}],"lambdaStar":0.454138,"spectralGap":0.545862,"mixingTimeBound":8.436512,"tvFromState0":[0.71428571,0.23809524,0.11428571,0.04928571,0.02278571,0.01028571,0.00468071,0.00212421,0.00096491,0.00043817,0.00019899,9.037e-05,4.104e-05,1.864e-05,8.46e-06,3.84e-06,1.75e-06,7.9e-07,3.6e-07,1.6e-07,7e-08]}