{"P":[[0.7,0.3,0.0,0.0],[0.4,0.6,0.0,0.0],[0.1,0.0,0.3,0.6],[0.0,0.2,0.5,0.3]],"K":4,"pi":[0.571429,0.428571,0.0,0.0],"eigenvalues":[{"re":-0.247723,"im":0.0,"abs":0.247723},{"re":0.3,"im":0.0,"abs":0.3},{"re":1.0,"im":0.0,"abs":1.0},{"re":0.847723,"im":0.0,"abs":0.847723}],"lambdaStar":0.847723,"spectralGap":0.152277,"mixingTimeBound":30.241972,"tvFromState0":[0.42857143,0.12857143,0.03857143,0.01157143,0.00347143,0.00104143,0.00031243,9.373e-05,2.812e-05,8.44e-06,2.53e-06,7.6e-07,2.3e-07,7e-08,2e-08,1e-08,0.0,0.0,0.0,0.0,0.0]}