{"P":[[0.9,0.1,0.0,0.0],[0.1,0.8,0.1,0.0],[0.0,0.1,0.8,0.1],[0.0,0.0,0.1,0.9]],"K":4,"pi":[0.25,0.25,0.25,0.25],"eigenvalues":[{"re":0.658579,"im":0.0,"abs":0.658579},{"re":0.8,"im":0.0,"abs":0.8},{"re":1.0,"im":0.0,"abs":1.0},{"re":0.941421,"im":0.0,"abs":0.941421}],"lambdaStar":0.941421,"spectralGap":0.058579,"mixingTimeBound":78.615173,"tvFromState0":[0.75,0.65,0.57,0.505,0.4546,0.43348,0.411716,0.389988,0.36871688,0.34815445,0.32844265,0.30965248,0.29180953,0.27491071,0.25893523,0.24385172,0.22962291,0.2162086,0.20356755,0.19165874,0.18044211]}