{"P":[[0.7,0.2,0.1],[0.3,0.4,0.3],[0.2,0.3,0.5]],"K":3,"pi":[0.456522,0.282609,0.26087],"eigenvalues":[{"re":1.0,"im":0.0,"abs":1.0},{"re":0.473205,"im":0.0,"abs":0.473205},{"re":0.126795,"im":0.0,"abs":0.126795}],"lambdaStar":0.473205,"spectralGap":0.526795,"mixingTimeBound":8.741865,"tvFromState0":[0.54347826,0.24347826,0.11347826,0.05347826,0.02527826,0.01195826,0.00565826,0.00267746,0.00126698,0.00059954,0.00028371,0.00013425,6.353e-05,3.006e-05,1.423e-05,6.73e-06,3.19e-06,1.51e-06,7.1e-07,3.4e-07,1.6e-07]}