{
  "N": 1000,
  "trueValue": -0.4205,
  "firstVisit": {
    "mean": -0.418777,
    "std": 0.015283
  },
  "everyVisit": {
    "mean": -0.422001,
    "std": 0.015982
  }
}