{
  "trueValue": -0.4205,
  "rows": [
    {
      "N": 100,
      "mean": -0.413418,
      "std": 0.044305,
      "rmse": 0.044867
    },
    {
      "N": 1000,
      "mean": -0.420855,
      "std": 0.012865,
      "rmse": 0.01287
    },
    {
      "N": 10000,
      "mean": -0.421052,
      "std": 0.003333,
      "rmse": 0.003378
    }
  ]
}